{"dataset": "fashion", "black_box": "RF", "accuracy": 0.8654, "report": {"0": {"precision": 0.8181818181818182, "recall": 0.846, "f1-score": 0.8318584070796461, "support": 1000}, "1": {"precision": 0.9957983193277311, "recall": 0.948, "f1-score": 0.9713114754098361, "support": 1000}, "2": {"precision": 0.7430488974113135, "recall": 0.775, "f1-score": 0.7586882036221244, "support": 1000}, "3": {"precision": 0.8571428571428571, "recall": 0.906, "f1-score": 0.8808945065629558, "support": 1000}, "4": {"precision": 0.7456059204440333, "recall": 0.806, "f1-score": 0.7746275828928401, "support": 1000}, "5": {"precision": 0.9753340184994861, "recall": 0.949, "f1-score": 0.9619868220983274, "support": 1000}, "6": {"precision": 0.6987654320987654, "recall": 0.566, "f1-score": 0.625414364640884, "support": 1000}, "7": {"precision": 0.9169082125603865, "recall": 0.949, "f1-score": 0.9326781326781327, "support": 1000}, "8": {"precision": 0.9480392156862745, "recall": 0.967, "f1-score": 0.9574257425742574, "support": 1000}, "9": {"precision": 0.9467336683417086, "recall": 0.942, "f1-score": 0.9443609022556391, "support": 1000}, "accuracy": 0.8654, "macro avg": {"precision": 0.8645558359694375, "recall": 0.8653999999999998, "f1-score": 0.8639246139814644, "support": 10000}, "weighted avg": {"precision": 0.8645558359694374, "recall": 0.8654, "f1-score": 0.8639246139814643, "support": 10000}}}
